objectid,parentid,identifier,title,creator,date,description,subject,location,latitude,longitude,source,type,format,language,rights,rightsstatement,display_template,filename,object_location,image_small,image_thumb,relation,coverage
ba0001,,ba0001,[Una de las cosas que debiesen...],,1923-05-18,"It's bad that they are breaking the law but not what they are doing to break the law. ""La mascara es una de las armas del criminal."" ",Race; discrimination; Violence; Ku-Klux Klan,"Albuquerque, NM",35.0843859,-106.65042,Buscando Africanidad Digital Collection,Image;Stillimage,image/jpeg,span,Arte Publico Press,,image,ba0001.jpg,/objects/ba0001.jpg,,,,
ba0002,,ba0002,"Buenos amigos tiene ""Su Excelencia""",,1923-07-20,Entries detailing the cozy relationships Carl Magee has with members of the Klan,"Literary notices;
Societies; Ku Klux Klan;
Cities & towns; El Paso, Texas;
Editors; MaGee, Carl;
Newspapers; New Mexico State Tribune;
1923","Albuquerque, NM",35.0843859,-106.65042,Buscando Africanidad Digital Collection,Image;Stillimage,image/jpeg,span,Arte Publico Press,,image,ba0002.jpg,/objects/ba0002.jpg,,,,
ba0003,,ba0003,?Sera Magee socio de la Ku Klux Klan?,,1923-08-03,Article explicitly asking if Magee is a partner of the KKK,Literary notices,"Albuquerque, NM",35.0843859,-106.65042,Buscando Africanidad Digital Collection,Image;Stillimage,image/jpeg,span,Arte Publico Press,,image,ba0003.jpg,/objects/ba0003.jpg,,,,
ba0004,,ba0004,[En un articulo de fondo...],,1923-08-17,Series of Articles on page. This specific article speaks to the regulations from the anglosaxon courts on New Mexican courts during this time.,"Literary notices;
Newspapers; The Taos Valley News;
Newspapers; Denver Post;
Racial discrimination;
Editors; MaGee, Carl;
1923;","Albuquerque, NM",35.0843859,-106.65042,Buscando Africanidad Digital Collection,Image;Stillimage,image/jpeg,span,Arte Publico Press,,image,ba0004.jpg,/objects/ba0004.jpg,,,,
ba0005,,ba0005,Son palabras de Charles Dickens.,,1923-12-14,"""No hay mas ciego que el que no quiere ver","
Essays","Albuquerque, NM",35.0843859,-106.65042,Buscando Africanidad Digital Collection,Image;Stillimage,image/jpeg,span,Arte Publico Press,,image,ba0005.jpg,/objects/ba0005.jpg,,,,
ba0006,,ba0006,Al cabo caen,,1923-12-21,"Entry speaking about the quick disintegration of the KKK, as it's an organization that is based on hate and racism.","Essays
Terms & phrases
Societies; Ku klux Klan;
Norter, Henry;
Race discrimination;
Indifferentism (Religion);
1923","Albuquerque, NM",35.0843859,-106.65042,Buscando Africanidad Digital Collection,Image;Stillimage,image/jpeg,span,Arte Publico Press,,image,ba0006.jpg,/objects/ba0006.jpg,,,,
ba0007,,ba0007,La nota disonante,,1923-12-21,"""The dissonant note"" is the one understood as the KKK. They represent the spirit of ""Satan."" ","Sketches;
Religious literature;
Holidays; Christmas;
Societies; Ku klux klan;
1923","Albuquerque, NM",35.0843859,-106.65042,Buscando Africanidad Digital Collection,Image;Stillimage,image/jpeg,span,Arte Publico Press,,image,ba0007.jpg,/objects/ba0007.jpg,,,,
ba0008,,ba0008,Editor klanista culpable de homicidio,,1923-12-28,Philip E. Fox was found guilty of homicide of a Klan lawyer.,"Literary notices;
Trials (Homicide);
Newspapers; Night Hawk;
Ku Klux Klan;
1923","Albuquerque, NM",35.0843859,-106.65042,Buscando Africanidad Digital Collection,Image;Stillimage,image/jpeg,span,Arte Publico Press,,image,ba0008.jpg,/objects/ba0008.jpg,,,,
ba0009,,ba0009,Eso Mismo Los Aflije a Todos Ellos,,1923-12-28,"Entry stating Philip E. Fox killed William S. Coburn because he was suffering from a ""locura"" called paronoia.","Literary notices;
Trials (Homicide);
Paranoia;
Ku Klux Klan (1915- );
1923","Albuquerque, NM",35.0843859,-106.65042,Buscando Africanidad Digital Collection,Image;Stillimage,image/jpeg,span,Arte Publico Press,,image,ba0009.jpg,/objects/ba0009.jpg,,,,
ba0010,,ba0010,La Voz del Pueblo,T. Ensarto (Pseud.),1924-08-01,"""The KKK are apostoles of the Catholic church""","Essays;
Journalistic ethics;
Ku Klux Klan;
Newspapers editors;
Newspapers Las Vegas, NM; La; Voz del Pueblo;
Criticism;
1924","Albuquerque, NM",35.0843859,-106.65042,Buscando Africanidad Digital Collection,Image;Stillimage,image/jpeg,span,Arte Publico Press,,image,ba0010.jpg,/objects/ba0010.jpg,,,,
ba0011,,ba0011,La Follete denuncia al Ku Klux Klan,"La Follete, Robert M.",1924-08-15,La Follete Mentions a writing by Abraham Lincoln in 1855 and by Thomas Jefferson to Edward Dowse in 1803,"Speeches;
Race discrimination;
Violence;
Ku Klux Klan (1915- );
1924","Albuquerque, NM",35.0843859,-106.65042,Buscando Africanidad Digital Collection,Image;Stillimage,image/jpeg,span,Arte Publico Press,,image,ba0011.jpg,/objects/ba0011.jpg,,,,
ba0012,,ba0012,Frightful Ku Klux Horror,,1871-05-18,Wife accidently poisons husband.,"Wit & humor;
 Ku-Klux-Klan;
 Robbery;
 Death;
 1871","Albuquerque, NM",35.0843859,-106.65042,Buscando Africanidad Digital Collection,Image;Stillimage,image/jpeg,eng,Arte Publico Press,,image,ba0012.jpg,/objects/ba0012.jpg,,,,
ba0013,,ba0013_001,A Los Hombres de Color en Cuba,,1867-01-10,Names of distinguished members of the military,"Essays;
Race relations; Latin America;
Colombia; History, Military;
Colombia; History, War of Independence; 1810-1822;
1866","New York, NY",40.7127753,-74.005973,Buscando Africanidad Digital Collection,Image;Stillimage,image/jpeg,span,Arte Publico Press,,image,ba0013_001.jpg,/objects/ba0013_001.jpg,,,,
ba0013a,,ba0013_002,A Los Hombres de Color en Cuba,,1867-01-10,Names of distinguished members of the military,"Essays;
Race relations; Latin America;
Colombia; History, Military;
Colombia; History War of Independence; 1810-1822;
1867","New York, NY",40.7127753,-74.005973,Buscando Africanidad Digital Collection,Image;Stillimage,image/jpeg,span,Arte Publico Press,,image,ba0013_002.jpg,/objects/ba0013_002.jpg,,,,
ba0014,,ba0016,Glosa cubana,Rebenque,1866-09-20,Poem for what some Cubans lost,"Poesa;
Filibusteros; Cuba; Historia; Siglo XIX;
Cuba; 1810-1899;
Trata de esclavos; Espana; Catalucia ; Historia; Siglo XIX","New York, NY",40.7127753,-74.005973,Buscando Africanidad Digital Collection,Image;Stillimage,image/jpeg,span,Arte Publico Press,,image,ba0014.jpg,/objects/ba0014.jpg,,,,
ba0015,,ba0015_001,[Los tabaqueros de la isla de Cuba han sido tratados. . . ],,1866-08-10,"The injustices suffered by ""Los Tabaqueros"" in Cuba","Ensayos;
Espana; Colonias; America; Administracion;
Cuba; Esclavitud;
Cuba; Relaciones raciales;
Movimiento obrero; Cuba; Historia; Siglo XIX","New York, NY",40.7127753,-74.005973,Buscando Africanidad Digital Collection,Image;Stillimage,image/jpeg,span,Arte Publico Press,,image,ba0015_001.jpg,/objects/ba0015_001.jpg,,,,
ba0015a,,ba0015_002,[Los tabaqueros de la isla de Cuba han sido tratados. . . ],,1866-08-10,"The injustices suffered by ""Los Tabaqueros"" in Cuba","Ensayos;
Espana; Colonias; America; Administracion;
Cuba; Esclavitud;
Cuba; Relaciones raciales;
Movimiento obrero; Cuba; Historia; Siglo XIX","New York, NY",40.7127753,-74.005973,Buscando Africanidad Digital Collection,Image;Stillimage,image/jpeg,span,Arte Publico Press,,image,ba0015_002.jpg,/objects/ba0015_002.jpg,,,,
ba0016,,ba0016,[Los acontecimientos que han...],,1866-07-10,"Causes of the Revolution. ""The emancipation of slavery will ruin agriculture""","Editoriales;
Cuba; Historia; 1810-1899;
Esclavos;
Opinion publica","New York, NY",40.7127753,-74.005973,Buscando Africanidad Digital Collection,Image;Stillimage,image/jpeg,span,Arte Publico Press,,image,ba0016.jpg,/objects/ba0016.jpg,,,,
ba0017,,ba0017_001,La esclavitud de los negros,,1866-06-21,Slavery in Spain and its morality.,"Editoriales;
Cuba; Historia; 1810-1899;
Problemas sociales;
Negros; Condiciones sociales;
Esclavitud","New York, NY",40.7127753,-74.005973,Buscando Africanidad Digital Collection,Image;Stillimage,image/jpeg,span,Arte Publico Press,,image,ba0017_001.jpg,/objects/ba0017_001.jpg,,,,
ba0017a,,ba0017_002,La esclavitud de los negros,,1866-06-21,Slavery in Spain and its morality.,"Editoriales;
Cuba -- Historia -- 1810-1899;
Problemas sociales;
Negros -- Condiciones sociales;
Esclavitud","New York, NY",40.7127753,-74.005973,Buscando Africanidad Digital Collection,Image;Stillimage,image/jpeg,span,Arte Publico Press,,image,ba0017_002.jpg,/objects/ba0017_002.jpg,,,,
ba0017b,,ba0017_003,La esclavitud de los negros,,1866-06-21,Slavery in Spain and its morality.,"Editoriales;
Cuba; Historia; 1810-1899;
Problemas sociales;
Negros; Condiciones sociales;
Esclavitud","New York, NY",40.7127753,-74.005973,Buscando Africanidad Digital Collection,Image;Stillimage,image/jpeg,span,Arte Publico Press,,image,ba0017_003.jpg,/objects/ba0017_003.jpg,,,,
ba0017c,,ba0017_004,La esclavitud de los negros,,1866-06-21,Slavery in Spain and its morality.,"Editoriales;
Cuba; Historia; 1810-1899;
Problemas sociales;
Negros; Condiciones sociales;
Esclavitud","New York, NY",40.7127753,-74.005973,Buscando Africanidad Digital Collection,Image;Stillimage,image/jpeg,span,Arte Publico Press,,image,ba0017_004.jpg,/objects/ba0017_004.jpg,,,,
ba0018,,ba0018_001,Una Protesta,Un Cubano,1866-06-11,About a protest in Cuba,Editoriales,"New York, NY",40.7127753,-74.005973,Buscando Africanidad Digital Collection,Image;Stillimage,image/jpeg,span,Arte Publico Press,,image,ba0018_001.jpg,/objects/ba0018_001.jpg,,,,
ba0018a,,ba0018_002,Una Protesta,Un Cubano,1866-06-11,About a protest in Cuba,Editoriales,"New York, NY",40.7127753,-74.005973,Buscando Africanidad Digital Collection,Image;Stillimage,image/jpeg,span,Arte Publico Press,,image,ba0018_002.jpg,/objects/ba0018_002.jpg,,,,
ba0018b,,ba0018_003,Una Protesta,Un Cubano,1866-06-11,About a protest in Cuba,Editoriales,"New York, NY",40.7127753,-74.005973,Buscando Africanidad Digital Collection,Image;Stillimage,image/jpeg,span,Arte Publico Press,,image,ba0018_003.jpg,/objects/ba0018_003.jpg,,,,
ba0019,,ba0019_001,Abolicion de la esclavitud en Cuba,Guano.,1866-05-11,What keeps Cuba from implementing abolition  of slavery? Hard to read.,"Editoriales;
Cuba; Historia;
Esclavitud;
Espana; Relaciones ;exteriores","New York, NY",40.7127753,-74.005973,Buscando Africanidad Digital Collection,Image;Stillimage,image/jpeg,span,Arte Publico Press,,image,ba0019_001.jpg,/objects/ba0019_001.jpg,,,,
ba0019a,,ba0019_002,Abolicion de la esclavitud en Cuba,Guano.,1866-05-11,What keeps Cuba from implementing abolition  of slavery? Hard to read.,"Editoriales;
Cuba; Historia;
Esclavitud;
Espana; Relaciones ;exteriores","New York, NY",40.7127753,-74.005973,Buscando Africanidad Digital Collection,Image;Stillimage,image/jpeg,span,Arte Publico Press,,image,ba0019_002.jpg,/objects/ba0019_002.jpg,,,,
ba0019b,,ba0019_003,Abolicion de la esclavitud en Cuba,Guano.,1866-05-11,What keeps Cuba from implementing abolition  of slavery? Hard to read.,"Editoriales;
Cuba; Historia;
Esclavitud;
Espana; Relaciones ;exteriores","New York, NY",40.7127753,-74.005973,Buscando Africanidad Digital Collection,Image;Stillimage,image/jpeg,span,Arte Publico Press,,image,ba0019_003.jpg,/objects/ba0019_003.jpg,,,,
ba0020,,ba0020_001,Matanzas,,1866-05-11,Killings,"Carta al editor;
Espana; Condicion economica;
Corrupcion politica;
Esclavitud","New York, NY",40.7127753,-74.005973,Buscando Africanidad Digital Collection,Image;Stillimage,image/jpeg,span,Arte Publico Press,,image,ba0020_001jpg,/objects/ba0020_001jpg,,,,
ba0020a,,ba0020_002,Matanzas,,1866-05-11,Killings,"Carta al editor;
Espana; Condicion economica;
Corrupcion politica;
Esclavitud","New York, NY",40.7127753,-74.005973,Buscando Africanidad Digital Collection,Image;Stillimage,image/jpeg,span,Arte Publico Press,,image,ba0020_002.jpg,/objects/ba0020_002.jpg,,,,
ba0020b,,ba0020_003,Matanzas,,1866-05-11,Killings,"Carta al editor;
Espana; Condicion economica;
Corrupcion politica;
Esclavitud","New York, NY",40.7127753,-74.005973,Buscando Africanidad Digital Collection,Image;Stillimage,image/jpeg,span,Arte Publico Press,,image,ba0020_003.jpg,/objects/ba0020_003.jpg,,,,
ba0020c,,ba0020_004,Matanzas,,1866-05-11,Killings,"Carta al editor;
Espana; Condicion economica;
Corrupcion politica;
Esclavitud","New York, NY",40.7127753,-74.005973,Buscando Africanidad Digital Collection,Image;Stillimage,image/jpeg,span,Arte Publico Press,,image,ba0020_004.jpg,/objects/ba0020_004.jpg,,,,
ba0021,,ba0021_001,Porvenir de la esclavitud en Cuba,,1866-04-21,Beginnings of slavery in Cuba,"Editoriales;
Cuba; Historia;
Esclavitud","New York, NY",40.7127753,-74.005973,Buscando Africanidad Digital Collection,Image;Stillimage,image/jpeg,span,Arte Publico Press,,image,ba0021_001.jpg,/objects/ba0021_001.jpg,,,,
ba0021a,,ba0021_002,Porvenir de la esclavitud en Cuba,,1866-04-21,Beginnings of slavery in Cuba,"Editoriales;
Cuba; Historia;
Esclavitud","New York, NY",40.7127753,-74.005973,Buscando Africanidad Digital Collection,Image;Stillimage,image/jpeg,span,Arte Publico Press,,image,ba0021_002.jpg,/objects/ba0021_002.jpg,,,,
ba0022,,ba0022_001,Los horrores de la esclavitud en Cuba,,1866-04-21,The horrors of slavery in Cuba,"Editoriales;
Cuba; Historia;
Espana;
Esclavitud","New York, NY",40.7127753,-74.005973,Buscando Africanidad Digital Collection,Image;Stillimage,image/jpeg,span,Arte Publico Press,,image,ba0022_001.jpg,/objects/ba0022_001.jpg,,,,
ba0022a,,ba0022_002,Los horrores de la esclavitud en Cuba,,1866-04-21,The horrors of slavery in Cuba,"Editoriales;
Cuba; Historia;
Espana;
Esclavitud","New York, NY",40.7127753,-74.005973,Buscando Africanidad Digital Collection,Image;Stillimage,image/jpeg,span,Arte Publico Press,,image,ba0022_002.jpg,/objects/ba0022_002.jpg,,,,
ba0022b,,ba0022_003,Los horrores de la esclavitud en Cuba,,1866-04-21,The horrors of slavery in Cuba,"Editoriales;
Cuba; Historia;
Espana;
Esclavitud","New York, NY",40.7127753,-74.005973,Buscando Africanidad Digital Collection,Image;Stillimage,image/jpeg,span,Arte Publico Press,,image,ba0022_003.jpg,/objects/ba0022_003.jpg,,,,
ba0022c,,ba0022_004,Los horrores de la esclavitud en Cuba,,1866-04-21,The horrors of slavery in Cuba,"Editoriales;
Cuba; Historia;
Espana;
Esclavitud","New York, NY",40.7127753,-74.005973,Buscando Africanidad Digital Collection,Image;Stillimage,image/jpeg,span,Arte Publico Press,,image,ba0022_004.jpg,/objects/ba0022_004.jpg,,,,
ba0023,,ba0023,Un paso previo hacia la hermandad universal,"Piedra Blanco, Ram—n",1936-12-01,Freemasonry and what they value.,"Ensayos;
America Latina; Politica;
Masoneria","New York, NY",40.7127753,-74.005973,Buscando Africanidad Digital Collection,Image;Stillimage,image/jpeg,span,Arte Publico Press,,image,ba0023.jpg,/objects/ba0023.jpg,,,,
ba0024,,ba0024,"Confraternidad, base del futuro de Hispano-AmŽrica","Campos, Jose M.",1936-11-01,"There are many lost nations, and each one offers glories worthy of being perpetuated, that have gotten stuck for the lack of recognition and application of this fundamenal law; The Human Brotherhood","Ensayos;
Panamericanismo;
Masoneria;
 Paz","New York, NY",40.7127753,-74.005973,Buscando Africanidad Digital Collection,Image;Stillimage,image/jpeg,span,Arte Publico Press,,image,ba0024.jpg,/objects/ba0024.jpg,,,,
ba0025,,ba0025,"America, refugio de la masoneria","Pino, Florencio",1936-11-01,Steps for America to take to become a refuge,"Ensayos;
Europa; Historia;1918-1945; Latinoamericanos; Estados Unidos;
Panamericanismo;
Masoneria","New York, NY",40.7127753,-74.005973,Buscando Africanidad Digital Collection,Image;Stillimage,image/jpeg,span,Arte Publico Press,,image,ba0025.jpg,/objects/ba0025.jpg,,,,
ba0026,,ba0026,El problema de la esterilizacion,"Lewis, Jose Guillermo",1936-10-01,The problem with Hitler's sterilization.,Ensayos; Esterilizacion; (Control de la natalidad); Contracepcion; Esterilizacion de delincuentes y anormales,"New York, NY",40.7127753,-74.005973,Buscando Africanidad Digital Collection,Image;Stillimage,image/jpeg,span,Arte Publico Press,,image,ba0026.jpg,/objects/ba0026.jpg,,,,
ba0027,,ba0027,La masoneria hispana en New York,,1936-10-01,Hard to read. The hispanic masonry in New York.,"Ensayos; Latinoamericanos ; Nueva York; (Estado) ; Nueva York
 Masones ; Nueva York (Estado)","New York, NY",40.7127753,-74.005973,Buscando Africanidad Digital Collection,Image;Stillimage,image/jpeg,span,Arte Publico Press,,image,ba0027.jpg,/objects/ba0027.jpg,,,,
ba0028,,ba0028_001,Negros y blancos,,1906-10-20,Speaks about the racist behavior that whites exhibit on blacks,"Editoriales;
Discriminacion racial; Estados Unidos; Siglo XX;
Relaciones raciales","El Paso, TX",31.7618778,-106.48502,Buscando Africanidad Digital Collection,Image;Stillimage,image/jpeg,span,Arte Publico Press,,image,ba0028_001.jpg,/objects/ba0028_001.jpg,,,,
ba0028a,,ba0028_002,Negros y blancos,,1906-10-20,Speaks about the racist behavior that whites exhibit on blacks,"Editoriales;
Discriminacion racial ; Estados Unidos ; Siglo XX;
Relaciones raciales","El Paso, TX",31.7618778,-106.48502,Buscando Africanidad Digital Collection,Image;Stillimage,image/jpeg,span,Arte Publico Press,,image,ba0028_002.jpg,/objects/ba0028_002.jpg,,,,
ba0029,,ba0029,"Habana, Enero 17 de 1867",,1867-02-01,"Speaks on; free labor, the crisis and politics.","Cartas;
Cuba; Relaciones raciales;
Movimientos abolicionistas; Cuba ;
Espana; Colonias; America","New York, NY",40.7127753,-74.005973,Buscando Africanidad Digital Collection,Image;Stillimage,image/jpeg,span,Arte Publico Press,,image,ba0029.jpg,/objects/ba0029.jpg,,,,
ba0030,,ba0030_001,Las razas en America,,1866-11-20,Shares on the different races in America,"Ensayos;
Relaciones raciales;
Espana; Civilizacion;
America Latina; Relaciones raciales;
Patriotismo","New York, NY",40.7127753,-74.005973,Buscando Africanidad Digital Collection,Image;Stillimage,image/jpeg,span,Arte Publico Press,,image,ba0030_001.jpg,/objects/ba0030_001.jpg,,,,
ba0030a,,ba0030_002,Las razas en America,,1866-11-20,Shares on the different races in America,"Ensayos;
Relaciones raciales;
Espana; Civilizacion;
America Latina; Relaciones raciales;
Patriotismo","New York, NY",40.7127753,-74.005973,Buscando Africanidad Digital Collection,Image;Stillimage,image/jpeg,span,Arte Publico Press,,image,ba0030_002.jpg,/objects/ba0030_002.jpg,,,,
ba0031,,ba0031_001,La esclavitud de los negros en las Antillas espanolas Part1,,1866-03-01,Slavery of Blacks in Spain,"Editoriales;
Cuba Historia; 1810-1899;
Espana; Politica y gobierno;
Despotismo;
Esclavitud","New York, NY",40.7127753,-74.005973,Buscando Africanidad Digital Collection,Image;Stillimage,image/jpeg,span,Arte Publico Press,,image,ba0031_001.jpg,/objetcs/ba0031_001.jpg,,,,
ba0031a,,ba0031_002,La esclavitud de los negros en las Antillas espa–olas Part2,,1866-03-01,Slavery of Blacks in Spain,"Editoriales;
Cuba; Historia; 1810-1899;
Espana; Politica y gobierno;
Despotismo;
Esclavitud","New York, NY",40.7127753,-74.005973,Buscando Africanidad Digital Collection,Image;Stillimage,image/jpeg,span,Arte Publico Press,,image,ba0031_002.jpg,/objects/ba0031_002.jpg,,,,
ba0031b,,ba0031_003,La esclavitud de los negros en las Antillas espa–olas Part3,,1866-03-01,Slavery of Blacks in Spain,"Editoriales;
Cuba; Historia; 1810-1899;
Espana; Pol’tica y gobierno;
Despotismo;
Esclavitud","New York, NY",40.7127753,-74.005973,Buscando Africanidad Digital Collection,Image;Stillimage,image/jpeg,span,Arte Publico Press,,image,ba0031_003.jpg,/objects/ba0031_003.jpg,,,,
ba0031c,,ba0031_004,La esclavitud de los negros en las Antillas espa–olas Part4,,1866-03-01,Slavery of Blacks in Spain,"Editoriales;
Cuba; Historia; 1810-1899;
Espana; Politica y gobierno;
Despotismo;
Esclavitud","New York, NY",40.7127753,-74.005973,Buscando Africanidad Digital Collection,Image;Stillimage,image/jpeg,span,Arte Publico Press,,image,ba0031_004.jpg,/objects/ba0031_004.jpg,,,,
ba0032,,ba0032,La revolucion en Cuba,,1866-04-11,The revolution of Cuba,"Editoriales;
Cuba; Historia;
Espana; Politica y gobierno;
Esclavitud;
Periodicos; Evening Post;
Periodicos; Express","New York, NY",40.7127753,-74.005973,Buscando Africanidad Digital Collection,Image;Stillimage,image/jpeg,span,Arte Publico Press,,image,ba0032.jpg,/objects/ba0032.jpg,,,,
ba0033,,ba0033_001,La esclavitud de los negros Part 2,,1866-03-21,Slavery of Blacks part. 2,"Editoriales;
Cuba; Historia; 1810-1899;
Indicadores economicos;
Esclavitud;
Espana; Ejercito; Fuerzas coloniales","New York, NY",40.7127753,-74.005973,Buscando Africanidad Digital Collection,Image;Stillimage,image/jpeg,span,Arte Publico Press,,image,ba0033_001.jpg,/objetcs/ba0033_001.jpg,,,,
ba0033a,,ba0033_002,La esclavitud de los negros Part 3,,1866-03-21,Slavery of Blacks part. 3,"Editoriales;
Cuba; Historia;1810-1899;
Indicadores economicos;
Esclavitud;
Espana; Ejercito; Fuerzas coloniales","New York, NY",40.7127753,-74.005973,Buscando Africanidad Digital Collection,Image;Stillimage,image/jpeg,span,Arte Publico Press,,image,ba0033_002.jpg,/objects/ba0033_002.jpg,,,,
ba0033b,,ba0033_003,La esclavitud de los negros Part 4,,1866-03-21,Slavery of Blacks part. 4,"Editoriales;
Cuba; Historia; 1810-1899;
Indicadores economicos;
Esclavitud;
Espana; Ejercito; Fuerzas coloniales","New York, NY",40.7127753,-74.005973,Buscando Africanidad Digital Collection,Image;Stillimage,image/jpeg,span,Arte Publico Press,,image,ba0033_003.jpg,/objects/ba0033_003.jpg,,,,
ba0033c,,ba0033_004,La esclavitud de los negros Part 4,,1866-03-21,Slavery of Blacks part. 4,"Editoriales;
Cuba; Historia; 1810-1899;
Indicadores economicos;
Esclavitud;
Espana; Ejercito; Fuerzas coloniales","New York, NY",40.7127753,-74.005973,Buscando Africanidad Digital Collection,Image;Stillimage,image/jpeg,span,Arte Publico Press,,image,ba0033_004.jpg,/objects/ba0033_004.jpg,,,,
ba0034,,ba0034_001,"Concesionistas, negreros e independientes",,1866-02-21,"Dealers, negreros and independents","Ensayos;
Cuba; Historia
Cuba; Esclavitud","New York, NY",40.7127753,-74.005973,Buscando Africanidad Digital Collection,Image;Stillimage,image/jpeg,span,Arte Publico Press,,image,ba0034_001.jpg,/objects/ba0034_001.jpg,,,,
ba0034a,,ba0034_002,"Concesionistas, negreros e independientes",,1866-02-21,"Dealers, negreros and independents","Ensayos
Cuba; Historia
Cuba; Esclavitud","New York, NY",40.7127753,-74.005973,Buscando Africanidad Digital Collection,Image;Stillimage,image/jpeg,span,Arte Publico Press,,image,ba0034_002.jpg,/objects/ba0034_002.jpg,,,,
ba0034b,,ba0034_003,"Concesionistas, negreros e independientes",,1866-02-21,"Dealers, negreros and independents","Ensayos
Cuba; Historia
Cuba; Esclavitud","New York, NY",40.7127753,-74.005973,Buscando Africanidad Digital Collection,Image;Stillimage,image/jpeg,span,Arte Publico Press,,image,ba0034_003.jpg,/objects/ba0034_003.jpg,,,,
ba0034c,,ba0034_004,"Concesionistas, negreros e independientes",,1866-02-21,"Dealers, negreros and independents","Ensayos
Cuba; Historia
Cuba; Esclavitud","New York, NY",40.7127753,-74.005973,Buscando Africanidad Digital Collection,Image;Stillimage,image/jpeg,span,Arte Publico Press,,image,ba0034_004.jpg,/objects/ba0034_004.jpg,,,,
ba0034d,,ba0034_005,"Concesionistas, negreros e independientes",,1866-02-21,"Dealers, negreros and independents","Ensayos
Cuba; Historia
Cuba; Esclavitud","New York, NY",40.7127753,-74.005973,Buscando Africanidad Digital Collection,Image;Stillimage,image/jpeg,span,Arte Publico Press,,image,ba0034_005.jpg,/objects/ba0034_005.jpg,,,,
ba0034e,,ba0034_006,"Concesionistas, negreros e independientes",,1866-02-21,"Dealers, negreros and independents","Ensayos
Cuba; Historia
Cuba; Esclavitud","New York, NY",40.7127753,-74.005973,Buscando Africanidad Digital Collection,Image;Stillimage,image/jpeg,span,Arte Publico Press,,image,ba0034_006.jpg,/objects/ba0034_006.jpg,,,,
ba0034f,,ba0034_007,"Concesionistas, negreros e independientes",,1866-02-21,"Dealers, negreros and independents","Ensayos
Cuba; Historia
Cuba; Esclavitud","New York, NY",40.7127753,-74.005973,Buscando Africanidad Digital Collection,Image;Stillimage,image/jpeg,span,Arte Publico Press,,image,ba0034_007.jpg,/objects/ba0034_007.jpg,,,,
ba0034g,,ba0034_008,"Concesionistas, negreros e independientes",,1866-02-21,"Dealers, negreros and independents","Ensayos
Cuba; Historia
Cuba; Esclavitud","New York, NY",40.7127753,-74.005973,Buscando Africanidad Digital Collection,Image;Stillimage,image/jpeg,span,Arte Publico Press,,image,ba0034_008.jpg,/objects/ba0034_008.jpg,,,,
ba0034h,,ba0034_009,"Concesionistas, negreros e independientes",,1866-02-21,"Dealers, negreros and independents","Ensayos
Cuba; Historia
Cuba; Esclavitud","New York, NY",40.7127753,-74.005973,Buscando Africanidad Digital Collection,Image;Stillimage,image/jpeg,span,Arte Publico Press,,image,ba0034_009.jpg,/objects/ba0034_009.jpg,,,,
ba0034i,,ba0034_010,"Concesionistas, negreros e independientes",,1866-02-21,"Dealers, negreros and independents","Ensayos
Cuba; Historia
Cuba; Esclavitud","New York, NY",40.7127753,-74.005973,Buscando Africanidad Digital Collection,Image;Stillimage,image/jpeg,span,Arte Publico Press,,image,ba0034_010.jpg,/objects/ba0034_010.jpg,,,,
ba0034j,,ba0034_011,"Concesionistas, negreros e independientes",,1866-02-21,"Dealers, negreros and independents","Ensayos;
Cuba; Historia
Cuba; Esclavitud","New York, NY",40.7127753,-74.005973,Buscando Africanidad Digital Collection,Image;Stillimage,image/jpeg,span,Arte Publico Press,,image,ba0034_011.jpg,/objects/ba0034_011.jpg,,,,
ba0034k,,ba0034_012,"Concesionistas, negreros e independientes",,1866-02-21,"Dealers, negreros and independents","Ensayos;
Cuba; Historia
Cuba; Esclavitud","New York, NY",40.7127753,-74.005973,Buscando Africanidad Digital Collection,Image;Stillimage,image/jpeg,span,Arte Publico Press,,image,ba0034_012.jpg,/objects/ba0034_012.jpg,,,,
ba0034l,,ba0034_013,"Concesionistas, negreros e independientes",,1866-02-21,"Dealers, negreros and independents","Ensayos;
Cuba; Historia
Cuba; Esclavitud","New York, NY",40.7127753,-74.005973,Buscando Africanidad Digital Collection,Image;Stillimage,image/jpeg,span,Arte Publico Press,,image,ba0034_013.jpg,/objects/ba0034_013.jpg,,,,
ba0034m,,ba0034_014,"Concesionistas, negreros e independientes",,1866-02-21,"Dealers, negreros and independents","Ensayos;
Cuba; Historia
Cuba; Esclavitud","New York, NY",40.7127753,-74.005973,Buscando Africanidad Digital Collection,Image;Stillimage,image/jpeg,span,Arte Publico Press,,image,ba0034_014.jpg,/objects/ba0034_014.jpg,,,,
ba0034n,,ba0034_015,"Concesionistas, negreros e independientes",,1866-02-21,"Dealers, negreros and independents","Ensayos;
Cuba; Historia
Cuba; Esclavitud","New York, NY",40.7127753,-74.005973,Buscando Africanidad Digital Collection,Image;Stillimage,image/jpeg,span,Arte Publico Press,,image,ba0034_015.jpg,/objects/ba0034_015.jpg,,,,
ba0034o,,ba0034_016,"Concesionistas, negreros e independientes",,1866-02-21,"Dealers, negreros and independents","Ensayos;
Cuba; Historia
Cuba; Esclavitud","New York, NY",40.7127753,-74.005973,Buscando Africanidad Digital Collection,Image;Stillimage,image/jpeg,span,Arte Publico Press,,image,ba0034_016.jpg,/objects/ba0034_016.jpg,,,,
ba0034p,,ba0034_017,"Concesionistas, negreros e independientes",,1866-02-21,"Dealers, negreros and independents","Ensayos;
Cuba; Historia
Cuba; Esclavitud","New York, NY",40.7127753,-74.005973,Buscando Africanidad Digital Collection,Image;Stillimage,image/jpeg,span,Arte Publico Press,,image,ba0034_017.jpg,/objects/ba0034_017.jpg,,,,
ba0035,,ba0035_001,Las Negreras,,1899-12-02,Describes women who are attracted to Black men and what this does for their image.,"Editoriales;
Relaciones interraciales;
Problemas raciales;
Estereotipos sexuales;
Mujeres mexicanas; Condiciones sociales","El Paso, TX",31.7618778,-106.48502,Buscando Africanidad Digital Collection,Image;Stillimage,image/jpeg,span,Arte Publico Press,,image,ba0035_001.jpg,/objects/ba0035_001.jpg,,,,
ba0035a,,ba0035_002,Las Negreras,,1899-12-02,Describes women who are attracted to Black men and what this does for their image.,"Editoriales;
Relaciones interraciales;
Problemas raciales;
Estereotipos sexuales;
Mujeres mexicanas; Condiciones sociales","El Paso, TX",31.7618778,-106.48502,Buscando Africanidad Digital Collection,Image;Stillimage,image/jpeg,span,Arte Publico Press,,image,ba0035_002.jpg,/objects/ba0035_002.jpg,,,,
ba0035b,,ba0035_003,Las Negreras,,1899-12-02,Describes women who are attracted to Black men and what this does for their image.,"Editoriales;
Relaciones interraciales;
Problemas raciales;
Estereotipos sexuales;
Mujeres mexicanas; Condiciones sociales","El Paso, TX",31.7618778,-106.48502,Buscando Africanidad Digital Collection,Image;Stillimage,image/jpeg,span,Arte Publico Press,,image,ba0035_003.jpg,/objects/ba0035_003.jpg,,,,
